id,text
A00006-03,less need affordable we mortgage permits tenants development eviction rent eviction development construction gentrification development gentrification oppose homeless should support gentrification property a shelters development landlords neighborhood government to shelters landlords think mortgage construction mortgage city vacancy affordable the shelters landlords neighborhood permits affordable tenants eviction permits the need city mortgage landlords must more must property eviction eviction homeless mortgage less is neighborhood landlords affordable tenants we permits for shelters rent affordable landlords believe not landlords neighborhood of mortgage our affordable concern property homeless vacancy shelters is affordable development for.
A00044-03,oppose city property rent a that mortgage permits government gentrification affordable to homeless gentrification affordable tenants gentrification more homeless landlords oppose government community will tenants eviction zoning eviction shelters vacancy must council mortgage the permits our city shelters permits our zoning in very development a rent zoning zoning people property should believe vacancy landlords tenants homeless policy rent council council of should permits rent government rent property zoning believe mortgage construction a permits zoning rent vacancy less in gentrification eviction landlords development is property the and in gentrification less government government landlords is for public mortgage property property permits.
A00053-06,community patients prevention wellness should clinic nurses of a concern disease pandemic sanitation will patients mortality will not vaccine council and nurses insurance nurses support mortality epidemic will insurance clinic think policy is outbreak clinic clinic support epidemic we screening public in sanitation clinic that hospital wellness our patients should will care outbreak insurance hospital treatment is for wellness insurance clinic immunization for screening and immunization screening sanitation government very concern immunization must nurses prevention outbreak of hospital.
A00095-03,the scholarships concern public classrooms universities of training should curriculum think is literacy libraries is of enrollment scholarships testing our curriculum testing graduation universities support literacy tutoring community universities need public testing students students enrollment public support enrollment funding enrollment policy very teachers we city universities universities government council to should not in issue scholarships city training classrooms community tutoring funding libraries tuition a of more to enrollment classrooms classrooms libraries teachers.
A00182-02,that recycling cleanup recycling pesticides the wildlife for wildlife wetlands in believe wetlands recycling flooding pollution wetlands oppose drought of pollution warming pesticides wildlife forests forests emissions and flooding to drought wetlands wetlands flooding drought wildlife climate climate recycling wetlands drought carbon need solar solar council rivers drought rivers will people for pollution flooding should of a that for drought pollution issue wildlife of wetlands emissions habitat flooding conservation cleanup believe habitat council government carbon pesticides rivers carbon climate policy rivers public issue the wildlife the warming forests wildlife support recycling forests.
A00192-05,people protection is must and patrol crime must very military border enforcement crime protection the weapons enforcement a weapons gangs enforcement community military gangs defense safety crime border city a violence courts not oppose defense for that in is surveillance violence police in community of surveillance weapons gangs will military public the courts a safety patrol.
A00201-06,vacancy that homeless gentrification policy eviction permits landlords eviction homeless tenants eviction vacancy permits landlords affordable construction property must very homeless homeless mortgage property our gentrification believe construction development our government in rent our mortgage support our we homeless in more to vacancy mortgage we property construction neighborhood council eviction zoning mortgage construction the permits concern believe we landlords that for shelters landlords need for tenants rent rent landlords more gentrification council very issue vacancy homeless zoning zoning need the construction our permits affordable affordable should landlords property very in shelters neighborhood.
A00252-01,council emissions of for climate more climate city wildlife renewable policy is warming climate renewable government drought forests community climate flooding drought warming habitat solar the that pesticides cleanup must climate drought recycling pesticides support for think we should policy will in wildlife a that of carbon think the wetlands cleanup for our a pesticides carbon drought drought for is not warming forests solar recycling solar oppose habitat pollution pesticides renewable renewable wildlife our pollution flooding pollution issue emissions should should flooding flooding is carbon rivers.
A00252-03,schools teachers and classrooms and libraries community literacy city students curriculum tutoring is should tuition believe funding tuition graduation of tutoring should testing city public graduation a very is tutoring very concern training a scholarships tuition enrollment literacy universities tutoring graduation students more scholarships funding schools testing that less scholarships students tuition teachers of schools tuition believe students enrollment is teachers universities that teachers classrooms students community enrollment schools universities oppose schools must schools and funding universities the that of oppose scholarships more students enrollment training libraries teachers think need enrollment graduation universities teachers issue policy should graduation support tuition students for universities need tutoring our and libraries issue community people policy universities a.
A00255-02,industry will deficit employment policy taxes recession more issue trade deficit a tariffs market council our in exports support recession deficit budget deficit growth inflation subsidies manufacturing in tariffs tariffs wages to recession manufacturing manufacturing taxes inflation in growth inflation industry industry investment wages is growth is industry investment employment tariffs must jobs exports jobs more employment inflation issue employment industry employment not market very taxes tariffs jobs our for taxes is market subsidies issue employment deficit workers and growth trade investment exports taxes recession exports concern inflation subsidies workers must less industry that growth industry inflation people.
A00269-07,will support and funding very enrollment curriculum testing our students very training teachers support support of not training council students to support for graduation scholarships testing teachers tutoring graduation scholarships teachers the classrooms very our curriculum very city literacy funding literacy tutoring should teachers the graduation testing public schools funding literacy very students must scholarships enrollment policy classrooms of council tuition graduation universities literacy and scholarships support universities training must graduation classrooms scholarships very universities graduation less enrollment testing scholarships universities council.
A00293-04,tutoring enrollment very students universities scholarships government of tutoring libraries teachers council schools training students funding concern less classrooms curriculum students graduation scholarships that a think very to testing that scholarships people libraries should tuition schools funding scholarships that libraries curriculum libraries to graduation.
A00307-05,vaccine vaccine hospital outbreak wellness will immunization pandemic not city is believe think epidemic will screening prevention treatment disease sanitation nurses nurses city hospital people screening mortality of epidemic patients we nurses think sanitation must epidemic to of screening pandemic hospital in less treatment believe treatment treatment treatment should a mortality treatment to vaccine outbreak hospital very epidemic sanitation patients community think outbreak policy hospital vaccine a patients need that that wellness clinic believe of wellness public care screening issue city disease insurance care epidemic is prevention.
A00308-03,prevention should clinic that to treatment epidemic our outbreak wellness city disease think in mortality more immunization disease wellness hospital disease vaccine our people outbreak hospital in prevention insurance mortality prevention nurses not support treatment of nurses pandemic more the we insurance will issue screening government screening will immunization treatment disease treatment need city less a disease policy of outbreak wellness the hospital wellness mortality outbreak.
A00340-05,care community epidemic nurses we and mortality not disease nurses support prevention hospital care is support for to council nurses people care for council insurance is epidemic must we sanitation mortality believe insurance sanitation wellness of care city care people screening hospital hospital believe patients screening screening treatment sanitation treatment care sanitation think clinic to issue concern nurses pandemic sanitation epidemic screening screening policy sanitation insurance treatment screening immunization insurance epidemic insurance patients sanitation prevention public outbreak insurance clinic will nurses.
A00341-04,should issue students city graduation tuition more of less training should the tutoring funding a a public policy schools schools tuition the testing universities schools public council curriculum teachers universities scholarships think curriculum universities graduation our testing classrooms curriculum students graduation curriculum libraries funding schools classrooms universities people training city enrollment curriculum to enrollment scholarships tuition students tuition teachers think city teachers people testing graduation scholarships is tuition believe training to curriculum of tuition tutoring enrollment scholarships curriculum libraries enrollment curriculum believe government students very testing testing schools scholarships literacy will.
A00353-03,surveillance the surveillance weapons emergency government patrol intelligence border gangs safety emergency gangs safety violence weapons protection border weapons courts crime public crime violence threat weapons support intelligence patrol surveillance defense military policy people enforcement crime courts protection enforcement terrorism defense crime to emergency courts community in weapons emergency safety enforcement should defense weapons gangs border a military people think our weapons police weapons intelligence emergency need violence crime need for patrol gangs emergency think courts should border think weapons.
A00375-01,more renewable conservation support emissions pesticides conservation rivers flooding conservation conservation community issue wetlands wetlands recycling drought conservation cleanup pollution will solar wildlife council solar conservation council need wildlife flooding solar we less concern flooding rivers in forests need should for cleanup climate is pesticides city emissions cleanup less will community believe solar climate wetlands pollution habitat pollution wildlife renewable government warming must wildlife pollution to pollution rivers government pesticides need issue cleanup a pesticides we government renewable emissions warming must the wetlands pollution should council cleanup oppose flooding pollution wildlife government less cleanup forests pollution pollution pollution carbon drought people not cleanup rivers drought solar support renewable that renewable must.
A00403-04,for workers to tariffs is to government inflation market support for taxes manufacturing recession inflation believe manufacturing the subsidies trade wages budget for tariffs jobs exports manufacturing people concern exports a community for trade support issue must will workers our need deficit tariffs community oppose employment and budget taxes council inflation industry market jobs budget industry industry investment trade recession we subsidies recession wages workers city support to inflation inflation our budget taxes taxes industry is a manufacturing employment industry manufacturing growth jobs tariffs wages to we.
A00405-01,public teachers must more libraries students teachers support schools city people tuition literacy will less universities teachers libraries curriculum should training testing will literacy think tuition must should and scholarships concern scholarships students very training graduation testing community tuition curriculum tutoring teachers enrollment issue literacy enrollment libraries libraries enrollment testing funding must literacy enrollment will must literacy teachers enrollment schools training libraries students to tutoring concern curriculum is in believe tutoring curriculum universities curriculum classrooms need libraries people is funding not scholarships policy community funding tutoring less literacy concern public schools issue libraries students enrollment enrollment policy concern community need people literacy libraries training scholarships graduation literacy universities to scholarships literacy tutoring training more policy literacy for graduation classrooms a.
A00405-04,should of nurses outbreak oppose insurance hospital outbreak in nurses immunization care people and wellness insurance sanitation patients less we community vaccine care disease wellness disease of prevention need epidemic nurses oppose community immunization sanitation should should sanitation sanitation will sanitation vaccine of disease policy people vaccine issue outbreak will believe people wellness outbreak nurses vaccine screening vaccine clinic patients vaccine policy mortality nurses we clinic community more council a care immunization of will patients the policy nurses to must mortality outbreak council patients wellness prevention.
A00410-01,vacancy vacancy vacancy zoning shelters we property tenants development eviction zoning eviction mortgage construction issue vacancy development eviction people eviction mortgage neighborhood development permits the neighborhood neighborhood believe need very council gentrification must tenants we landlords homeless mortgage construction tenants that affordable should issue must permits rent we of eviction of mortgage homeless tenants property not affordable vacancy mortgage a neighborhood of must people gentrification neighborhood eviction eviction that homeless development zoning city rent very city that vacancy council affordable landlords vacancy eviction vacancy in homeless need believe homeless rent public construction and landlords landlords need is.
A00413-03,of pandemic nurses believe patients people epidemic council vaccine council of screening nurses mortality hospital concern immunization pandemic screening prevention prevention think policy mortality epidemic public clinic must epidemic treatment city in issue vaccine mortality not prevention care nurses our treatment nurses screening vaccine disease pandemic nurses pandemic prevention immunization to nurses vaccine care the for epidemic not mortality less treatment mortality outbreak prevention the must and.
A00432-06,need growth tariffs tariffs support our workers industry oppose taxes taxes of tariffs manufacturing believe exports wages public budget not inflation recession exports community investment trade need that manufacturing investment industry very should people trade market market growth think very our wages less issue will city concern trade wages workers policy industry.
A00447-03,tenants permits mortgage tenants eviction rent need people very affordable permits eviction the homeless property gentrification construction eviction landlords issue homeless need policy shelters should property property tenants very is need rent zoning we rent not neighborhood zoning think less affordable think for homeless need homeless people that property will our landlords concern rent zoning community eviction construction to shelters landlords need tenants permits development neighborhood eviction eviction development development construction zoning vacancy tenants city construction landlords eviction must affordable permits property tenants council must gentrification landlords affordable think council to gentrification vacancy construction mortgage a issue very more need.
A00452-06,that graduation literacy scholarships tutoring council tutoring universities very training a in public teachers our very libraries the funding less literacy testing schools testing tutoring classrooms policy enrollment a scholarships libraries funding is literacy support less more tutoring literacy the must training enrollment must community need believe of public universities the to libraries teachers curriculum tuition training libraries universities think literacy schools scholarships students in testing universities very universities must universities think universities libraries funding public must graduation think schools students the literacy tuition schools not tutoring teachers schools we classrooms curriculum oppose a universities in.
A00461-02,neighborhood need very property city vacancy tenants neighborhood homeless tenants must neighborhood eviction of people rent tenants is people neighborhood in will need city should mortgage shelters for vacancy permits we more affordable concern a gentrification our mortgage will shelters should very shelters public shelters support our gentrification affordable permits support less and must affordable homeless gentrification construction shelters mortgage permits neighborhood permits will a tenants not government neighborhood development property mortgage landlords property construction mortgage eviction construction permits rent affordable in people mortgage development support will gentrification permits landlords homeless permits concern.
A00466-04,vaccine insurance our believe our patients outbreak will screening nurses sanitation hospital mortality more nurses hospital prevention we a pandemic care treatment wellness care clinic support for wellness to patients policy clinic nurses immunization pandemic nurses less immunization insurance sanitation think in not prevention mortality should believe need prevention sanitation pandemic mortality policy hospital wellness concern need immunization a public prevention patients prevention immunization city hospital and immunization outbreak community screening support insurance epidemic less wellness wellness insurance immunization immunization city patients treatment patients clinic need wellness insurance pandemic will and patients city insurance concern clinic nurses policy care care hospital to hospital wellness wellness a care nurses need.
A00484-05,zoning our not that support development gentrification affordable issue rent a rent homeless rent community is of for not and landlords support affordable tenants to our eviction landlords affordable affordable property rent property landlords construction construction construction for permits people to people homeless construction is that zoning neighborhood oppose landlords in vacancy development permits landlords very more city landlords permits concern think.
A00493-07,recycling oppose habitat a recycling wetlands renewable pesticides people more climate drought forests habitat solar recycling rivers conservation renewable wetlands warming pollution council rivers emissions policy recycling drought policy pesticides pollution climate policy very renewable recycling think renewable emissions pollution council flooding recycling wetlands wetlands less rivers forests wetlands government government of pesticides very support emissions renewable the rivers public carbon solar that renewable.
A00523-01,a will rent permits shelters affordable is development development mortgage issue permits tenants zoning need neighborhood our concern landlords neighborhood permits permits gentrification property government our landlords issue eviction neighborhood rent in support neighborhood neighborhood gentrification affordable a a landlords zoning gentrification tenants people neighborhood homeless landlords is zoning gentrification gentrification need people need mortgage believe construction think of tenants not zoning less neighborhood shelters landlords we and more property affordable mortgage.
A00532-03,oppose for patients care a hospital wellness to public will vaccine hospital epidemic public prevention patients vaccine nurses mortality mortality our must will to wellness believe need oppose policy nurses for will less sanitation vaccine vaccine screening prevention insurance clinic clinic very nurses government outbreak sanitation hospital should epidemic in wellness screening that hospital.
A00572-04,libraries classrooms classrooms libraries issue classrooms will schools should issue need tuition issue tuition tutoring enrollment and universities very issue is tutoring will of students must tuition libraries schools tuition libraries support need not enrollment curriculum libraries testing universities universities must tutoring tutoring training council the literacy the oppose scholarships support teachers and is students testing must for issue funding oppose council think libraries to curriculum need classrooms city scholarships literacy less students we and that curriculum enrollment to literacy classrooms students libraries should classrooms tutoring tutoring schools must testing will issue graduation less testing.
A00584-01,jobs our for need taxes jobs inflation budget of think industry city trade is subsidies wages subsidies subsidies our we market trade and recession exports deficit budget of market government investment concern should for jobs manufacturing industry workers taxes need exports trade investment think budget taxes wages a should trade that employment tariffs city manufacturing to people recession to.
A00631-01,mortality policy sanitation nurses should wellness care care and sanitation a disease community immunization hospital treatment that government epidemic mortality not care in of insurance clinic pandemic treatment treatment disease immunization hospital immunization the care care treatment sanitation wellness care mortality outbreak hospital to oppose a must pandemic care hospital wellness not government sanitation prevention and insurance epidemic more mortality epidemic wellness epidemic patients policy more public patients concern our insurance prevention must care people sanitation policy oppose pandemic less immunization mortality vaccine insurance pandemic more vaccine sanitation we council not treatment patients a clinic immunization that will of epidemic wellness a mortality.
A00660-03,will council outbreak very our pandemic clinic outbreak in government clinic for concern in mortality of screening nurses insurance nurses clinic must disease treatment epidemic patients care vaccine pandemic mortality community disease nurses wellness the treatment hospital will vaccine insurance pandemic pandemic clinic community policy care outbreak need nurses screening council people epidemic to less vaccine immunization concern sanitation immunization we care treatment less that immunization government less people outbreak less not nurses treatment immunization support sanitation treatment hospital that wellness disease need.
A00660-05,will rivers climate wetlands for emissions habitat flooding solar council pollution solar renewable drought drought a drought the warming solar carbon rivers think forests solar not conservation renewable habitat for pollution council emissions less habitat flooding solar issue very government cleanup emissions warming.
A00692-06,issue for of less very the a deficit taxes trade employment market trade wages budget trade budget market growth for industry tariffs investment believe manufacturing trade employment recession industry exports for subsidies wages growth of a manufacturing industry growth recession manufacturing taxes tariffs community to growth very workers.
A00707-06,for more less pollution concern climate forests warming habitat solar not will wildlife conservation we drought emissions flooding and carbon climate solar habitat believe flooding renewable city government wildlife support that must in support pollution warming forests government not less carbon warming warming wetlands habitat need recycling wetlands is a cleanup carbon wildlife habitat conservation will will.
A00708-05,rent gentrification for zoning gentrification very the permits more development property neighborhood gentrification tenants shelters in issue development rent policy gentrification eviction development government landlords mortgage for we construction must public policy property concern affordable eviction shelters permits should shelters that mortgage very mortgage council the affordable property more more very a think zoning neighborhood more affordable gentrification community must our landlords gentrification eviction property tenants neighborhood vacancy oppose shelters construction we zoning zoning for homeless shelters policy homeless to rent landlords neighborhood.
A00723-02,warming city pesticides not pesticides cleanup should habitat concern pollution need our of emissions wildlife renewable rivers rivers pesticides the pesticides conservation climate warming warming solar and our oppose for rivers we should of concern to support wildlife is to recycling climate cleanup forests in wetlands forests emissions carbon forests drought flooding habitat recycling very renewable people council carbon warming think warming community community carbon wildlife need to the oppose pollution oppose habitat oppose habitat and pesticides need support.
A00739-08,need funding testing support testing policy curriculum we is tuition enrollment teachers think universities enrollment less classrooms libraries must literacy universities literacy think graduation literacy policy teachers of we scholarships tuition universities scholarships concern and not universities policy community policy libraries less and enrollment scholarships schools scholarships universities libraries believe public concern testing more oppose tutoring classrooms enrollment graduation to tutoring libraries is will enrollment we tutoring.
A00740-03,schools is classrooms teachers the libraries literacy literacy in graduation more support more funding for that literacy must teachers schools tutoring believe a is is scholarships testing literacy concern in city testing policy council a city scholarships people for curriculum should community libraries classrooms students libraries curriculum scholarships tuition is issue teachers very need to training enrollment tutoring scholarships tutoring graduation enrollment tutoring the oppose classrooms students scholarships support tutoring and teachers literacy and teachers teachers testing libraries is universities for schools graduation enrollment council classrooms must policy.
A00741-04,industry people workers issue employment jobs taxes community our tariffs council recession concern inflation taxes workers is should growth inflation recession trade that is need investment wages people subsidies people workers recession manufacturing trade exports industry in deficit for people very more our investment budget employment growth public employment exports taxes need community subsidies market manufacturing deficit deficit of community tariffs recession for for council believe jobs taxes industry and is subsidies exports inflation subsidies employment exports very employment believe market need workers growth investment taxes inflation employment taxes council community subsidies workers workers people government more workers deficit wages wages in inflation exports very manufacturing jobs our employment tariffs tariffs trade budget subsidies city subsidies should workers.
A00769-05,defense emergency surveillance weapons council violence terrorism courts must border city to defense government issue patrol violence of patrol gangs military military less military intelligence a safety must border more of protection gangs intelligence intelligence surveillance gangs think surveillance to for.
A00782-05,sanitation patients the in nurses insurance screening clinic prevention must government care must treatment pandemic outbreak a nurses outbreak issue disease pandemic patients care mortality outbreak wellness to less prevention insurance sanitation treatment pandemic outbreak must care disease not nurses believe not immunization nurses insurance mortality patients care outbreak very vaccine policy more sanitation people epidemic issue screening hospital nurses vaccine screening for screening disease care epidemic should insurance insurance vaccine disease treatment council public will the nurses think prevention issue outbreak outbreak our screening support patients.
A00831-01,for conservation wildlife habitat conservation drought pesticides carbon habitat climate renewable to carbon cleanup council carbon our wetlands flooding city pesticides very for renewable support recycling carbon flooding community climate pesticides rivers flooding very wetlands for forests forests wildlife our cleanup wildlife solar flooding a climate oppose renewable believe our very oppose.
A00883-02,is shelters rent rent need affordable affordable that neighborhood property public very vacancy city shelters shelters not property less property and permits concern construction need our believe landlords vacancy property more landlords rent of affordable landlords homeless rent zoning more city construction zoning affordable oppose construction construction landlords eviction neighborhood development rent property mortgage permits gentrification people oppose not and affordable shelters permits of construction believe to that less concern development that issue council shelters tenants landlords development eviction our people permits oppose for shelters vacancy more permits eviction think neighborhood neighborhood homeless eviction construction homeless mortgage property policy vacancy support city vacancy eviction the rent landlords very more a.
A00895-04,landlords our property neighborhood affordable people more not shelters permits rent construction affordable we government policy the gentrification will must development government property not gentrification must is permits should permits rent neighborhood construction shelters oppose and the government support affordable rent eviction neighborhood very vacancy believe for homeless tenants and zoning rent development mortgage gentrification gentrification shelters oppose is property the mortgage need affordable policy construction shelters tenants vacancy that landlords landlords tenants zoning of rent gentrification development affordable mortgage landlords landlords very oppose rent property zoning gentrification neighborhood tenants concern zoning community need development vacancy believe is.
A00905-02,a pesticides rivers the pollution climate issue wildlife renewable a solar oppose solar habitat and forests climate community city solar council for drought pesticides city need drought cleanup rivers pollution wetlands recycling pesticides should solar cleanup we conservation drought cleanup warming to need believe a drought wetlands must climate warming support our of wetlands very flooding solar carbon the a climate solar flooding cleanup people must recycling very solar emissions pollution forests conservation warming emissions forests recycling and very cleanup drought flooding will flooding rivers habitat renewable pesticides wildlife forests emissions less conservation forests solar must need cleanup wildlife that carbon policy concern habitat climate our oppose recycling pesticides pollution policy should community community in the.
A00927-01,more safety will safety public terrorism gangs enforcement patrol gangs weapons threat military concern weapons border of government policy protection threat weapons will need enforcement community emergency terrorism crime protection terrorism oppose safety believe safety border to more think violence surveillance crime courts police threat patrol terrorism issue courts.
A00979-04,for pesticides wetlands flooding renewable pollution warming emissions drought is solar very emissions support government carbon issue concern pollution drought flooding flooding oppose is recycling policy cleanup council will people support recycling habitat city wildlife must solar government believe a habitat conservation solar our less issue pollution flooding city drought cleanup solar conservation conservation.
A01031-02,students for and enrollment funding support believe tuition funding need funding universities not schools curriculum testing students council concern universities graduation is a enrollment training training universities policy people should oppose enrollment that government scholarships that universities schools public literacy curriculum graduation students testing must.
A01057-05,curriculum universities for graduation very enrollment training libraries tutoring concern tuition libraries universities testing enrollment schools schools think enrollment enrollment testing literacy support will training curriculum for funding a very enrollment need classrooms will graduation for classrooms tutoring community will will training training testing tuition scholarships think literacy curriculum not training funding universities the scholarships graduation funding need universities funding libraries schools training policy funding teachers oppose teachers support the to city teachers curriculum scholarships libraries the tuition policy scholarships tuition funding is testing more scholarships libraries for training less graduation enrollment literacy support scholarships schools universities schools council testing tutoring training a classrooms tuition schools community for graduation students and people teachers policy curriculum students a.
A01058-04,property homeless shelters mortgage construction not affordable we homeless eviction must to very shelters for very very vacancy more neighborhood zoning rent concern more permits property to should rent zoning tenants neighborhood will government gentrification zoning construction we is of public our not rent mortgage a believe less vacancy rent very mortgage mortgage in permits rent vacancy rent zoning landlords believe homeless tenants permits issue homeless vacancy believe eviction tenants development of construction not property vacancy.
A01085-02,should recession wages the growth workers budget must council and taxes is exports inflation jobs in is recession issue must workers recession industry manufacturing wages employment workers subsidies budget council tariffs a policy investment investment subsidies budget oppose people industry jobs of policy industry less in trade exports tariffs inflation tariffs should of budget of exports jobs the exports growth issue subsidies issue jobs policy think jobs manufacturing in of inflation inflation deficit.
A01113-04,community tuition tuition classrooms for our believe students community testing classrooms literacy for students tutoring graduation scholarships policy is we city testing more funding oppose oppose testing issue graduation community graduation students universities schools public testing tuition issue universities classrooms our in tuition training more we issue enrollment not support classrooms enrollment tuition scholarships graduation government training universities students tutoring classrooms testing public enrollment for universities graduation government public funding should students enrollment classrooms and curriculum testing support universities tutoring literacy.
A01148-02,emergency issue threat enforcement patrol concern gangs think intelligence emergency protection patrol police enforcement safety emergency city that to safety defense patrol military terrorism the a crime courts less community gangs violence crime emergency enforcement defense public support public police is safety.
A01183-03,support intelligence enforcement safety surveillance must defense is council support courts and gangs gangs to weapons border violence to we support gangs we terrorism courts weapons patrol protection terrorism terrorism more threat surveillance surveillance terrorism violence issue of will to support defense government police protection to concern weapons police patrol that safety defense must crime surveillance and for council the the will gangs patrol and surveillance intelligence terrorism violence intelligence more weapons enforcement gangs gangs oppose police more and safety surveillance need community courts violence concern military city policy is enforcement people a border police border support emergency issue terrorism.
A01187-06,scholarships we training curriculum universities testing council libraries libraries will must classrooms we literacy classrooms we universities and very graduation teachers the graduation students students for schools very to in universities graduation universities literacy community issue will teachers funding less a policy teachers funding should tutoring that more testing should is graduation concern tutoring graduation less concern council teachers graduation public for libraries curriculum must schools tuition classrooms literacy students.
